Составляющие,Название,SKU с МП
S19016/01,АЗУ. ZS USB-TC 20W ЧЕРНЫЙ,WB:ДЕВ:565668051;КАА:99883256;OZON:КАА:824067562
S19016/02,АЗУ. ZS USB-TC 20W БЕЛЫЙ,WB:ДЕВ:565672820;КАА:99883258;OZON:КАА:823171665
S19016/01;S10005/01,Комплект. АЗУ. ZS USB-TC 20W + Кабель. TC-USB ZS 1м ЧЕРНЫЙ,WB:КАА:161927978
S19016/01;S11007/01,Комплект. АЗУ. ZS USB-TC 20W + Кабель. TC-TC PR 1м ЧЕРНЫЙ,WB:КАА:410152828;OZON:КАА:1354042955
S19016/02;S10011-PR/02-W,Комплект. АЗУ. ZS USB-TC 20W + Кабель. L-TC PR 1м БЕЛЫЙ,OZON:КАА:1742528981
S19016/02;S10040/02,Комплект. АЗУ. ZS USB-TC 20W + Кабель. L-TC плетеный 1м БЕЛЫЙ,WB:КАА:412218580
S90501/02-W,БЗУ. 3-в-1 Станция Y9 QI1 БЕЛЫЙ,WB:КАА:241080377;OZON:КАА:1615196121
S90501/01-W,БЗУ. 3-в-1 Станция Y9 QI1 ЧЕРНЫЙ,WB:КАА:241080376;OZON:КАА:1597592280
S90501/11-W,БЗУ. 3-в-1 Станция Y9 QI1 ФИОЛЕТОВЫЙ,WB:КАА:279530155;OZON:КАА:1615899132
S90501/06-W,БЗУ. 3-в-1 Станция Y9 QI1 ГОЛУБОЙ,WB:КАА:279530156;OZON:КАА:1616194317
S90401/16-W,БЗУ. Одиночная станция Y58 QI1 СЕРЫЙ,WB:КАА:245094591;OZON:КАА:1624309475
S90401/10-W,БЗУ. Одиночная станция Y58 QI1 СЕРЕБРО,WB:КАА:245094590;OZON:КАА:1624371776
S90201/01-W,БЗУ. 3-в-1 Компактная станция Y93 QI1 ЧЕРНЫЙ,WB:КАА:349613634;OZON:КАА:1919278769
S90201/02-W,БЗУ. 3-в-1 Компактная станция Y93 QI1 БЕЛЫЙ,WB:КАА:349613635;OZON:КАА:1919803196
S90301/02-W,БЗУ. 3-в-1 Разборная станция M2 QI1 БЕЛЫЙ,WB:КАА:288739479;OZON:КАА:1629718978
S90301/01-W,БЗУ. 3-в-1 Разборная станция M2 QI1 ЧЕРНЫЙ,WB:КАА:288739478;OZON:КАА:1629715995
S10002E/02;S10002E/02,Комплект. Кабель. L-USB ZS 1м БЕЛЫЙ 2 шт.,WB:ДЕВ:147817988;КАА:148963115;OZON:КЮА:888066716
S10002E/01;S10002E/01,Комплект. Кабель. L-USB ZS 1м ЧЕРНЫЙ 2 шт.,OZON:КЮА:888067142
S10002E/02;S10002E/01,Комплект. Кабель. L-USB ZS 1м БЕЛЫЙ + Кабель. L-USB ZS 1м ЧЕРНЫЙ,WB:ДЕВ:147808092;КАА:148963113;OZON:КЮА:888066703
S10002E/02;S10002E/02;S10002E/02,Комплект. Кабель. L-USB ZS 1м БЕЛЫЙ 3 шт.,OZON:КЮА:508417663
S10002E-2/02;S10002E-2/02,Комплект. Кабель. L-USB ZS 2м БЕЛЫЙ 2 шт.,OZON:КЮА:560166005
S10002E-2/01;S10002E-2/01,Комплект. Кабель. L-USB ZS 2м ЧЕРНЫЙ 2 шт.,OZON:КЮА:888067134
S10002E-2/02;S10002E-2/02;S10002E-2/02,Комплект. Кабель. L-USB ZS 2м БЕЛЫЙ 3 шт.,OZON:КЮА:560299895
S10002E/02;S10002E-2/02,Комплект. Кабель. L-USB ZS 1м + Кабель. L-USB ZS 2м БЕЛЫЙ,WB:ДЕВ:147817989;КАА:148954610
S10017/02;S10017/02,Комплект. Кабель. L-USB PR 1м БЕЛЫЙ 2 шт.,OZON:КЮА:1313669158
S10017-2/02;S10017-2/02,Комплект. Кабель. L-USB PR 2м БЕЛЫЙ 2 шт.,OZON:КЮА:1313677427
S10040/02;S10040-2/02,Комплект. Кабель. L-TC плетеный 1м + Кабель. L-TC плетеный 2м БЕЛЫЙ,WB:КЮА:412179560
S10005/02;S10005/02,Комплект. Кабель. TC-USB ZS 1м БЕЛЫЙ 2 шт.,WB:КАА:54589387;OZON:КЮА:891861353
S10005/01;S10005/01,Комплект. Кабель. TC-USB ZS 1м ЧЕРНЫЙ 2 шт.,OZON:КЮА:891861328;КАА:881213419
S10005/02;S10005/01,Комплект. Кабель. TC-USB ZS 1м БЕЛЫЙ + Кабель. TC-USB ZS 1м ЧЕРНЫЙ,OZON:КЮА:891861338;КАА:881214894
S10005/01;S10005/01;S10005/01,Комплект. Кабель. TC-USB ZS 1м ЧЕРНЫЙ 3 шт.,OZON:КЮА:447277048
S10005-2/02;S10005-2/02,Комплект. Кабель. TC-USB ZS 2м БЕЛЫЙ 2 шт.,OZON:КЮА:891861354
S10005-2/01;S10005-2/01,Комплект. Кабель. TC-USB ZS 2м ЧЕРНЫЙ 2 шт.,OZON:КЮА:891860704
S10005-2/02;S10005-2/01,Комплект. Кабель. TC-USB ZS 2м БЕЛЫЙ + Кабель. TC-USB ZS 2м ЧЕРНЫЙ,OZON:КЮА:891860710
S10005/02;S10005/02;S10005/02,Комплект. Кабель. TC-USB ZS 1м БЕЛЫЙ 3 шт.,OZON:КЮА:448895966
S10005/02;S10005-2/02,Комплект. Кабель. TC-USB ZS 1м + Кабель. TC-USB ZS 2м БЕЛЫЙ,WB:КАА:412176198
S11007/02;S11007/02,Комплект. Кабель. TC-TC PR 1м БЕЛЫЙ 2 шт.,OZON:КЮА:1352616628
S11007/01;S11007/01,Комплект. Кабель. TC-TC PR 1м ЧЕРНЫЙ 2 шт.,OZON:КЮА:1352552046
S11007-2/02;S11007-2/02,Комплект. Кабель. TC-TC PR 2м БЕЛЫЙ 2 шт.,OZON:КЮА:1351585595
S11007-2/01;S11007-2/01,Комплект. Кабель. TC-TC PR 2м ЧЕРНЫЙ 2 шт.,OZON:КЮА:1351592131
S11007-2/02;S11007-2/01,Комплект. Кабель. TC-TC PR 2м БЕЛЫЙ + Кабель. TC-TC PR 2м ЧЕРНЫЙ,OZON:КЮА:1352569762
S10006/02;S10006/02,Комплект. Кабель. Micro-USB ZS 1м БЕЛЫЙ 2 шт.,OZON:КЮА:889536875;КАА:880703588
S10006/01;S10006/01,Комплект. Кабель. Micro-USB ZS 1м ЧЕРНЫЙ 2 шт.,OZON:КЮА:889537202;КАА:880682006
S10006/02;S10006/01,Комплект. Кабель. Micro-USB ZS 1м БЕЛЫЙ + Кабель. Micro-USB ZS 1м ЧЕРНЫЙ,OZON:КЮА:889537218;КАА:880681782
S10006-2/02;S10006-2/02,Комплект. Кабель. Micro-USB ZS 2м БЕЛЫЙ 2 шт.,OZON:КЮА:889537215;КАА:880686633
S10006-2/01;S10006-2/01,Комплект. Кабель. Micro-USB ZS 2м ЧЕРНЫЙ 2 шт.,OZON:КЮА:889537210;КАА:880679741
S10006-2/02;S10006-2/01,Комплект. Кабель. Micro-USB ZS 2м БЕЛЫЙ + Кабель. Micro-USB ZS 2м ЧЕРНЫЙ,OZON:КЮА:889536688;КАА:880802068
S10006/02;S10006/02;S10006/02,Комплект. Кабель. Micro-USB ZS 1м БЕЛЫЙ 3 шт.,OZON:КЮА:448887911
S10002E/01,Кабель. L-USB ZS 1м ЧЕРНЫЙ,WB:КЮА:597015220;КАА:137781697;OZON:КЮА:418231219
S10002E/02,Кабель. L-USB ZS 1м БЕЛЫЙ,WB:КЮА:13781411;ДЕВ:71479258;КАА:137781695;БМС:151224674;OZON:КЮА:216823744;КАА:818814489
S10002E-2/01,Кабель. L-USB ZS 2м ЧЕРНЫЙ,WB:КЮА:597015221;ДЕВ:137777686;КАА:146186773;OZON:КЮА:1348901995
S10002E-2/02,Кабель. L-USB ZS 2м БЕЛЫЙ,WB:КЮА:597015222;ДЕВ:137777665;КАА:146186772;БМС:175865843;OZON:КЮА:201361137;КАА:819322759
S10017/02,Кабель. L-USB PR 1м БЕЛЫЙ,WB:КЮА:430930991;ДЕВ:71558982;OZON:КЮА:202280570
S10022/02,Кабель. L-USB Orig 1м БЕЛЫЙ,WB:КЮА:271760047;OZON:КЮА:3214834227
S10017-2/02,Кабель. L-USB PR 2м БЕЛЫЙ,WB:КЮА:182821162;OZON:КЮА:291759514
S10002-025,Кабель. L-USB ZS 22см БЕЛЫЙ,WB:КЮА:597015219;КАА:583277051;OZON:КЮА:216825819
S10001,Кабель. 30 pin-USB ZS 1м БЕЛЫЙ,WB:КЮА:11755159;OZON:КЮА:201361194
S10040/02,Кабель. L-TC плетеный 1м БЕЛЫЙ,WB:КЮА:259137678;OZON:КЮА:2353071925
S10040-2/02,Кабель. L-TC плетеный 2м БЕЛЫЙ,WB:КЮА:264125338;OZON:КЮА:2353180027
S10024/01,Кабель. L-TC ZS 1.2м БЕЛЫЙ,WB:КЮА:535511777;OZON:КЮА:2926180059
S10023/01,Кабель. L-TC ZS 1.2м ЧЕРНЫЙ,WB:КЮА:535511778;OZON:КЮА:2926180312
S10023-2/02,Кабель. L-TC ZS 2м БЕЛЫЙ,WB:КЮА:535511779;OZON:КЮА:2926184198
S10023-2/01,Кабель. L-TC ZS 2м ЧЕРНЫЙ,WB:КЮА:535511780;OZON:КЮА:2926180293
S10023-3/02,Кабель. L-TC ZS 3м БЕЛЫЙ,WB:КЮА:535511781;OZON:КЮА:2926180208
S10023-3/01,Кабель. L-TC ZS 3м ЧЕРНЫЙ,WB:КЮА:535511782;OZON:КЮА:2926180171
S10011-ST-W,Кабель. L-TC ST 1м БЕЛЫЙ,OZON:КЮА:434613012
S10011-PR/02-W,Кабель. L-TC PR 1м БЕЛЫЙ,WB:КЮА:12983095;ДЕВ:144203931;КАА:141187781;БМС:153421431;OZON:КЮА:276862719
S10011-2-W,Кабель. L-TC ST 2м БЕЛЫЙ,WB:КАА:143516533;БМС:155925580
S10011-2-A,Кабель. L-TC ST 2м БЕЛЫЙ,WB:КЮА:272990177;ДЕВ:144203932;OZON:КЮА:216806513
S10011ST-3,Кабель. L-TC ST 3м БЕЛЫЙ,OZON:КЮА:1400559380
S10011-3,Кабель. L-TC PR 3м БЕЛЫЙ,WB:КЮА:272990178;ДЕВ:192867526;БМС:192872012;OZON:КЮА:1400550424
S10005/01,Кабель. TC-USB ZS 1м ЧЕРНЫЙ,WB:КЮА:598858039;КАА:54110468;OZON:КЮА:418161625;КАА:881213442
S10005/02,Кабель. TC-USB ZS 1м БЕЛЫЙ,WB:КЮА:598858041;КАА:17519484;OZON:КЮА:201361145;КАА:881214524
S10005-2/01,Кабель. TC-USB ZS 2м ЧЕРНЫЙ,WB:КЮА:598858042;КАА:140495789;OZON:КЮА:1625949104
S10005-2/02,Кабель. TC-USB ZS 2м БЕЛЫЙ,WB:КЮА:598858043;КАА:140495787;OZON:КЮА:216807356;КАА:881211536
S11001/02,Кабель. TC-USB PR 1м БЕЛЫЙ,OZON:КЮА:201520672
S11007/02,Кабель. TC-TC PR 1м БЕЛЫЙ,WB:ДЕВ:194116510;КАА:115091621;OZON:КЮА:217120185
S11007/01,Кабель. TC-TC PR 1м ЧЕРНЫЙ,WB:КАА:115093202;OZON:КЮА:1350443347
S11007-2/01,Кабель. TC-TC PR 2м ЧЕРНЫЙ,WB:ДЕВ:154051451;КАА:115094574;OZON:КЮА:1350454491
S11007-2/02,Кабель. TC-TC PR 2м БЕЛЫЙ,WB:КАА:115094083
S11007-3/01,Кабель. TC-TC PR 3м ЧЕРНЫЙ,WB:КАА:288689694;OZON:КЮА:3215122944
S11007-3/02,Кабель. TC-TC PR 3м БЕЛЫЙ,WB:КАА:288689697;OZON:КЮА:3215123194
S11008/02-W,Кабель. TC-TC плетеный 1м БЕЛЫЙ,WB:КЮА:12340726;OZON:КЮА:1598199993
S11008-2/02-W,Кабель. TC-TC плетеный 2м БЕЛЫЙ,WB:КЮА:274415460;OZON:КЮА:1598199826
S11008-3/02-W,Кабель. TC-TC плетеный 3м БЕЛЫЙ,WB:КЮА:274415461;OZON:КЮА:1598200134
S11010/02-A,Кабель. TC-TC плетеный Orig 1м БЕЛЫЙ,WB:КЮА:437940800
S11041/02,Кабель. TC-TC ZS 1.2м БЕЛЫЙ,WB:КЮА:535516401;КАА:568445049;OZON:КЮА:2926037658
S11041/01,Кабель. TC-TC ZS 1.2м ЧЕРНЫЙ,WB:КЮА:535516402;КАА:568449482;OZON:КЮА:2926037239
S11041-2/02,Кабель. TC-TC ZS 2м БЕЛЫЙ,WB:КЮА:535516403;OZON:КЮА:2926037392
S11041-2/01,Кабель. TC-TC ZS 2м ЧЕРНЫЙ,WB:КЮА:535516405;OZON:КЮА:2926037584
S11040/01,Кабель. TC-TC ST 1м ЧЕРНЫЙ,WB:ДЕВ:154051449;КАА:456699173;OZON:КЮА:1931445509
S11040/02,Кабель. TC-TC ST 1м БЕЛЫЙ,WB:КАА:456545516;БМС:329832869;OZON:КЮА:1931446033
S11040-2/01,Кабель. TC-TC ST 2м ЧЕРНЫЙ,WB:КАА:456699174;OZON:КЮА:1931471515
S11040-2/02,Кабель. TC-TC ST 2м БЕЛЫЙ,WB:КАА:456545517;OZON:КЮА:1931471456
S10006/01,Кабель. Micro-USB ZS 1м ЧЕРНЫЙ,WB:ДЕВ:71873002;КАА:54336334;OZON:КЮА:418148351;КАА:880681660
S10006/02,Кабель. Micro-USB ZS 1м БЕЛЫЙ,WB:ДЕВ:71873312;КАА:23667782;OZON:КЮА:201363690;КАА:880684818
S10006-2/01,Кабель. Micro-USB ZS 2м ЧЕРНЫЙ,WB:ДЕВ:142779575;КАА:140487646;OZON:КЮА:1052535519;КЮА:216806903;КАА:880684428
S10006-2/02,Кабель. Micro-USB ZS 2м БЕЛЫЙ,WB:ДЕВ:142779574;КАА:140486935;OZON:КЮА:1052540866;КЮА:217120129;КАА:880709673
S19014,Кабель. USB для зарядки Apple Watch БЕЛЫЙ,WB:БМС:158576151;OZON:КЮА:399175463;КАА:833270326
S19015,Кабель. L-USB для зарядки Apple Watch БЕЛЫЙ,WB:БМС:158576150;OZON:КЮА:399188924;КАА:884315379
S19019,Кабель. TC-USB для зарядки Apple Watch БЕЛЫЙ,WB:БМС:158576152;OZON:КАА:884322322
S11029/01,Кабель. USB-TC карбоновая спираль 1.5м ЧЕРНЫЙ,WB:КЮА:786690913
S11043/01,Кабель. TC-TC карбоновая спираль 1.5м ЧЕРНЫЙ,WB:КЮА:786690912
S10029/01,Кабель. L-USB карбоновая спираль 1.5м ЧЕРНЫЙ,WB:КЮА:786690914
S10030/01,Кабель. L-USB карбоновый 1м ЧЕРНЫЙ,WB:КЮА:786690915
S10030-2/01,Кабель. L-USB карбоновый 2м ЧЕРНЫЙ,WB:КЮА:786690916
S10030-3/01,Кабель. L-USB карбоновый 3м ЧЕРНЫЙ,WB:КЮА:786690917
S11042/01,Кабель. TC-TC карбоновый 1м ЧЕРНЫЙ,WB:КЮА:786690911
S10025/01,Кабель. L-TC карбоновый 1м ЧЕРНЫЙ,WB:КЮА:786690918
S10025-2/01,Кабель. L-TC карбоновый 2м ЧЕРНЫЙ,WB:КЮА:786690919
S10025-3/01,Кабель. L-TC карбоновый 3м ЧЕРНЫЙ,WB:КЮА:786690920
S11023/01,Кабель. TC-USB карбоновый 1м ЧЕРНЫЙ,WB:КЮА:772635932;OZON:КЮА:3492367559
S11023-2/01,Кабель. TC-USB карбоновый 2м ЧЕРНЫЙ,WB:КЮА:17519579;OZON:КЮА:3492367035
S11023-3/01,Кабель. TC-USB карбоновый 3м ЧЕРНЫЙ,WB:КЮА:772635933;OZON:КЮА:3492367295
S10360/01;S10014;S10014;S10014,Комплект. Кабель. USB-360 ST 1м БЕЛЫЙ + Пин. L 3 шт.,WB:КЮА:43865623
S10360/01;S11014;S11014;S11014,Комплект. Кабель. USB-360 ST 1м БЕЛЫЙ + Пин. TC 3 шт.,WB:КЮА:44201805;OZON:КЮА:360161804
S10360/01;S12014;S12014;S12014,Комплект. Кабель. USB-360 ST 1м БЕЛЫЙ + Пин. Micro 3 шт.,OZON:КЮА:2031134966
S10360/01;S12014;S11014;S10014,Комплект. Кабель. USB-360 ST 1м БЕЛЫЙ + Пин. Micro + TC + L,WB:КЮА:43976937;OZON:КЮА:2031182780
S10360-2/01;S11014;S11014;S11014,Комплект. Кабель. USB-360 ST 2м ЧЕРНЫЙ + Пин. TC 3 шт.,WB:КЮА:246684049;OZON:КЮА:2031212969
S10360-2/01;S12014;S12014;S12014,Комплект. Кабель. USB-360 ST 2м ЧЕРНЫЙ + Пин. Micro 3 шт.,WB:КЮА:246686846;OZON:КЮА:2031248766
S10360-2/01;S12014;S11014;S10014,Комплект. Кабель. USB-360 ST 2м ЧЕРНЫЙ + Пин. Micro + TC + L,WB:КЮА:252667199;OZON:КЮА:2031298057
S19004-PR-K,Комплект. СЗУ. PD 20W + Кабель. L-TC PR 1м БЕЛЫЙ,WB:ДЕВ:92306598;КАА:54638159;БМС:155925581;OZON:КАА:836048808
S19003-2PR/02-K,Комплект. СЗУ. PD 20W + Кабель. L-TC PR 2м БЕЛЫЙ,OZON:БМС:1418499983
S19033/02-K,Комплект. СЗУ. PD 20W + Кабель. L-TC PR 3м БЕЛЫЙ,WB:ДЕВ:198350596;БМС:200720603;OZON:БМС:1418499997
S19017/02-K,Комплект. СЗУ. PD 20W + Кабель. TC-TC ST 1м БЕЛЫЙ,WB:ДЕВ:97877583;OZON:КАА:836075258
S19012/02-K,Комплект. СЗУ. PD 20W + Кабель. TC-TC PR 1м БЕЛЫЙ,WB:ДЕВ:200263618;OZON:БМС:1418515414
S19024-K,Комплект. СЗУ. PD 35W + Кабель. TC-TC плетеный PR 1м БЕЛЫЙ,WB:КЮА:455253088;OZON:КАА:1597441898;БМС:2329688499
S10008/01,Наушники. Jack EarPads ЧЕРНЫЙ,WB:КЮА:11755170;КАА:40511298;OZON:КЮА:286874503
S10008/02,Наушники. Jack EarPads БЕЛЫЙ,WB:КЮА:11755171;КАА:16530335;OZON:КЮА:201501407
S10010/03,Наушники. Jack EarPads Color КРАСНЫЙ,WB:КЮА:13754669
S10010/06,Наушники. Jack EarPads Color ГОЛУБОЙ,WB:КЮА:18400397
S10010/11,Наушники. Jack EarPads Color ФИОЛЕТОВЫЙ,WB:КЮА:13754670
S10010/13,Наушники. Jack EarPads Color СИРЕНЕВЫЙ,WB:КЮА:13754671
S10010/15,Наушники. Jack EarPads Color БИРЮЗОВЫЙ,WB:КЮА:13754672
S20005-1/02,Наушники. Jack PRO БЕЛЫЙ,WB:КАА:243690883;OZON:БМС:946609187
S20005-1/01,Наушники. Jack PRO ЧЕРНЫЙ,WB:КАА:243690882;OZON:БМС:946608451
S92004-1/02,Наушники. Jack Metal БЕЛЫЙ,WB:КАА:269058791;OZON:БМС:882251940
S92004-1/01,Наушники. Jack Metal ЧЕРНЫЙ,WB:КАА:269058790;OZON:БМС:882522277
S20009-1/02,Наушники. Jack POPUP БЕЛЫЙ,WB:КАА:367800363;БМС:155725709;OZON:БМС:3215622319
S20009-1/01,Наушники. Jack POPUP ЧЕРНЫЙ,WB:КАА:367800362;БМС:155725710;OZON:БМС:3215687406
S10009/02,Наушники. L EarPads ORG БЕЛЫЙ,WB:БМС:268739675
S20001-2/02,Наушники. L EarPads Bluetooth БЕЛЫЙ,WB:ДЕВ:74484829;OZON:КЮА:201501393
S20001-2/01,Наушники. L EarPads Bluetooth ЧЕРНЫЙ,WB:ДЕВ:98705636;OZON:КЮА:697923902
S92003/02,Наушники. L EarPads ONLY MUSIC БЕЛЫЙ,WB:ДЕВ:74486867;OZON:КЮА:217120163;БМС:1401457139
S92003/01,Наушники. L EarPads ONLY MUSIC ЧЕРНЫЙ,WB:ДЕВ:124156191;OZON:КЮА:754135108;БМС:1401458987
S20001-3/02,Наушники. L EarPads PR БЕЛЫЙ,WB:БМС:254252272;OZON:БМС:705691873
S20001-3/01,Наушники. L EarPads PR ЧЕРНЫЙ,WB:БМС:137646160
S20005-2/02,Наушники. L PRO ONLY MUSIC БЕЛЫЙ,WB:ДЕВ:197760393;OZON:БМС:946418845
S20005-2/01,Наушники. L PRO ONLY MUSIC ЧЕРНЫЙ,OZON:БМС:946416501
S20006-2/02,Наушники. L PRO Bluetooth БЕЛЫЙ,WB:ДЕВ:197770943;OZON:БМС:946226276
S20006-2/01,Наушники. L PRO Bluetooth ЧЕРНЫЙ,OZON:БМС:946226259
S20007-2/02,Наушники. L PRO PR БЕЛЫЙ,WB:БМС:186900067;OZON:БМС:956816711
S20007-2/01,Наушники. L PRO PR ЧЕРНЫЙ,OZON:БМС:956816552
S92004-2/02,Наушники. L Metal БЕЛЫЙ,WB:ДЕВ:74480600;OZON:БМС:855869383
S92004-2/01,Наушники. L Metal ЧЕРНЫЙ,WB:ДЕВ:54401189;OZON:БМС:855869395
S20009-2/02,Наушники. L POPUP ONLY MUSIC БЕЛЫЙ,WB:ДЕВ:366712668
S20009-2/01,Наушники. L POPUP ONLY MUSIC ЧЕРНЫЙ,WB:ДЕВ:366723944
S20010-2/02,Наушники. L POPUP Bluetooth БЕЛЫЙ,WB:ДЕВ:362474672
S20010-2/01,Наушники. L POPUP Bluetooth ЧЕРНЫЙ,WB:ДЕВ:363367312
S20011-2/02,Наушники. L POPUP PR БЕЛЫЙ,WB:БМС:190624182
S20002-3/02,Наушники. TC EarPads БЕЛЫЙ,WB:КЮА:12340740;OZON:КЮА:201501465
S20002-3/01,Наушники. TC EarPads ЧЕРНЫЙ,WB:КЮА:148734350;OZON:КЮА:1350143329
S92004-3/02,Наушники. TC Metal БЕЛЫЙ,WB:КЮА:237243870;OZON:БМС:855903790
S92004-3/01,Наушники. TC Metal ЧЕРНЫЙ,WB:КЮА:237282874;OZON:БМС:856683841
S20005-3/02,Наушники. TC PRO БЕЛЫЙ,WB:КЮА:222150259;OZON:БМС:1304176255
S20005-3/01,Наушники. TC PRO ЧЕРНЫЙ,WB:КЮА:235729502;OZON:БМС:1304176355
S20009-3/02,Наушники. TC POPUP БЕЛЫЙ,WB:КЮА:367754065
S20009-3/01,Наушники. TC POPUP ЧЕРНЫЙ,WB:КЮА:367754841
S21011/01,Наушники. Jack EarPads PR ЧЕРНЫЙ,OZON:КЮА:3215272488
S21011/02,Наушники. Jack EarPads PR БЕЛЫЙ,OZON:КЮА:3215272396
S10008/02;S10008/02,Комплект. Наушники. Jack EarPads БЕЛЫЙ 2 шт.,WB:КАА:54417560;OZON:КЮА:441340796
S10008/01;S10008/01,Комплект. Наушники. Jack EarPads ЧЕРНЫЙ 2 шт.,WB:КАА:54417557;OZON:КЮА:441159356
S10008/02;S10008/01,Комплект. Наушники. Jack EarPads БЕЛЫЙ + Наушники. Jack EarPads ЧЕРНЫЙ,WB:КАА:112408916;OZON:КЮА:641638993
S20001-2/02;S20001-2/02,Комплект. Наушники. L EarPads Bluetooth БЕЛЫЙ 2 шт.,OZON:КЮА:445904789
S92003/02;S92003/02,Комплект. Наушники. L EarPads ONLY MUSIC БЕЛЫЙ 2 шт.,OZON:КЮА:445937951
S20005-2/02;S20005-2/02,Комплект. Наушники. L PRO ONLY MUSIC БЕЛЫЙ 2 шт.,OZON:БМС:946419719
S20005-2/01;S20005-2/01,Комплект. Наушники. L PRO ONLY MUSIC ЧЕРНЫЙ 2 шт.,OZON:БМС:946416626
S20005-2/02;S20005-2/01,Комплект. Наушники. L PRO ONLY MUSIC БЕЛЫЙ + Наушники. L PRO ONLY MUSIC ЧЕРНЫЙ,OZON:БМС:946416498
S20007-2/02;S20007-2/02,Комплект. Наушники. L PRO PR БЕЛЫЙ 2 шт.,OZON:БМС:956817642
S20007-2/01;S20007-2/01,Комплект. Наушники. L PRO PR ЧЕРНЫЙ 2 шт.,OZON:БМС:956814861
S20007-2/02;S20007-2/01,Комплект. Наушники. L PRO PR БЕЛЫЙ + Наушники. L PRO PR ЧЕРНЫЙ,OZON:БМС:956815798
S20002-3/02;S20002-3/02,Комплект. Наушники. TC EarPads БЕЛЫЙ 2 шт.,WB:КЮА:148855115
S20002-3/02;S20002-3/01,Комплект. Наушники. TC EarPads БЕЛЫЙ + Наушники. TC EarPads ЧЕРНЫЙ,WB:КЮА:148855114
S20005-3/02;S20005-3/01,Комплект. Наушники. TC PRO БЕЛЫЙ + Наушники. TC PRO ЧЕРНЫЙ,OZON:БМС:1304176722
S10014;S10014;S10014,Комплект. Пин. L 3 шт.,WB:КЮА:15452539;OZON:КЮА:282399770
S11014;S11014;S11014,Комплект. Пин. TC 3 шт.,WB:КЮА:15452540;OZON:КЮА:282345344
S12014;S12014;S12014,Комплект. Пин. Micro 3 шт.,WB:КЮА:15452541;OZON:КЮА:282417063
S10007,СЗУ. 1A USB 5W БЕЛЫЙ,OZON:КЮА:201498105
S19001-W,СЗУ. PD TC 20W БЕЛЫЙ,WB:ДЕВ:54411423;ДЕВ:104422055;КАА:141187782;БМС:156194194;OZON:КАА:818855968;БМС:1418514352
S19001/01-W,СЗУ. PD TC 20W ЧЕРНЫЙ,WB:КАА:412325900;OZON:КАА:1891467964;БМС:1991253164
S19024/02-W,СЗУ. PD TC 35W БЕЛЫЙ,WB:КЮА:412179559;КАА:394137565;OZON:КАА:1563413934
S19007/02,СЗУ. QC3 USB 15W БЕЛЫЙ,WB:КАА:44701250;OZON:КЮА:362182669;КАА:1016013746
S19026/02-W,СЗУ. PD TC 2x20W БЕЛЫЙ,WB:ДЕВ:164407926;КАА:166703067;OZON:КАА:1401647935
S19025/02-W,СЗУ. PD TC 2x25W БЕЛЫЙ,WB:ДЕВ:71715068;КАА:412306231;OZON:КАА:1401823122;БМС:1418505071
S19008/02,СЗУ. UTC USB-TC 2x20W БЕЛЫЙ,WB:КАА:115307178;OZON:КАА:824069888
S19008/01,СЗУ. UTC USB-TC 2x20W ЧЕРНЫЙ,WB:КАА:115308132;OZON:КАА:824069871
S19008/02;S10011-PR/02-W;S10005/02,Комплект. СЗУ. UTC USB-TC 18+20W + Кабель. L-TC PR 1м + Кабель. TC-USB ZS 1м БЕЛЫЙ,WB:КАА:158423864;OZON:КАА:958553481
S19008/01;S11007/01;S10002E/01,Комплект. СЗУ. UTC USB-TC 18+20W + Кабель. TC-TC PR 1м + Кабель. L-USB ZS 1м ЧЕРНЫЙ,WB:КАА:417531633;OZON:КАА:1739911936
S19008/01;S10005/01,Комплект. СЗУ. UTC USB-TC 18+20W + Кабель. TC-USB ZS 1м ЧЕРНЫЙ,WB:КАА:583343068
S19001-W;S10040/02,Комплект. СЗУ. PD TC 20W + Кабель. L-TC плетеный 1м БЕЛЫЙ,WB:КЮА:332485524;OZON:БМС:2329691216
S19001-W;S10024/01,Комплект. СЗУ. PD TC 20W + Кабель. L-TC ZS 1.2м БЕЛЫЙ,WB:ДЕВ:560582425
S19001/01-W;S10023/01,Комплект. СЗУ. PD TC 20W + Кабель. L-TC ZS 1.2м ЧЕРНЫЙ,WB:ДЕВ:560619299
S19001/01-W;S10023-2/01,Комплект. СЗУ. PD TC 20W + Кабель. L-TC ZS 2м ЧЕРНЫЙ,WB:ДЕВ:560632897
S19001/01-W;S10023-3/01,Комплект. СЗУ. PD TC 20W + Кабель. L-TC ZS 3м ЧЕРНЫЙ,WB:ДЕВ:560638565
S19001-W;S10040-2/02,Комплект. СЗУ. PD TC 20W + Кабель. L-TC плетеный 2м БЕЛЫЙ,WB:КЮА:404199276;OZON:КАА:3169178450
S19024/02-W;S10040/02,Комплект. СЗУ. PD TC 35W + Кабель. L-TC плетеный 1м БЕЛЫЙ,WB:КЮА:403224550;OZON:БМС:2329688847
S19024/02-W;S10011-PR/02-W,Комплект. СЗУ. PD TC 35W + Кабель. L-TC PR 1м БЕЛЫЙ,WB:ДЕВ:460778637
S19026/02-A;S10011-PR/02-W,Комплект. СЗУ. PD TC 2x25W + Кабель. L-TC PR 1м БЕЛЫЙ,WB:ДЕВ:197813188
S19025/02-W;S11007/02;S10011-PR/02-W,Комплект. СЗУ. PD TC 25+25W + Кабель. TC-TC PR 1м + Кабель. L-TC PR 1м БЕЛЫЙ,OZON:БМС:1418522742
S19003/02;S11007/02,Комплект. СЗУ. PD TC 18W + Кабель. TC-TC PR 1м БЕЛЫЙ,OZON:КАА:836049628
S19001-W;S11041/02,Комплект. СЗУ. PD TC 20W + Кабель. TC-TC ZS 1.2м БЕЛЫЙ,WB:ДЕВ:565910883;OZON:КАА:3496776924
S19001/01-W;S11040/01,Комплект. СЗУ. PD TC 20W + Кабель. TC-TC ST 1м ЧЕРНЫЙ,WB:ДЕВ:565913853
S19001/01-W;S11041/01,Комплект. СЗУ. PD TC 20W + Кабель. TC-TC ZS 1.2м ЧЕРНЫЙ,WB:ДЕВ:565919241
S19001/01-W;S11041-2/01,Комплект. СЗУ. PD TC 20W + Кабель. TC-TC ZS 2м ЧЕРНЫЙ,WB:ДЕВ:565921149
S19026/02-A;S11007/02,Комплект. СЗУ. PD TC 2x25W + Кабель. TC-TC PR 1м БЕЛЫЙ,WB:ДЕВ:197813189
S19001-A;S11009/02-A,Комплект. СЗУ. PD TC 20W + Кабель. TC-TC плетеный PR 1м БЕЛЫЙ,WB:КЮА:317925123
S19024/02-W;S11041/02,Комплект. СЗУ. PD TC 35W + Кабель. TC-TC ZS 1.2м БЕЛЫЙ,OZON:КАА:3181577729
S19024/02-W;S11041-2/02,Комплект. СЗУ. PD TC 35W + Кабель. TC-TC ZS 2м БЕЛЫЙ,OZON:КАА:3181658516
S19024/02-W;S11008-2/02-W,Комплект. СЗУ. PD TC 35W + Кабель. TC-TC плетеный 2м БЕЛЫЙ,OZON:КАА:3181544873
S19024/02-W;S11040/02,Комплект. СЗУ. PD TC 35W + Кабель. TC-TC ST 1м БЕЛЫЙ,WB:ДЕВ:460782043
S19007/02;S10002E/02,Комплект. СЗУ. QC3 USB 15W + Кабель. L-USB ZS 1м БЕЛЫЙ,WB:КАА:158416000;OZON:КАА:1407910339
S19007/02;S10006/02,Комплект. СЗУ. QC3 USB 15W + Кабель. Micro-USB ZS 1м БЕЛЫЙ,WB:КАА:44702470;OZON:КЮА:408221388;КАА:1403561541
S19007/02;S10005/02,Комплект. СЗУ. QC3 USB 15W + Кабель. TC-USB ZS 1м БЕЛЫЙ,WB:КАА:161579755;OZON:КЮА:408211636;КАА:1403239194
S19001-W;S10011-PR/02-W,Комплект. СЗУ. PD TC 20W + Кабель. L-TC PR 1м БЕЛЫЙ,OZON:КАА:197809852
S19001-W;S19001-W,Комплект. СЗУ. PD TC 20W БЕЛЫЙ 2 шт.,WB:ДЕВ:161897250
S19001-W;S10023-2/02,Комплект. СЗУ. PD TC 20W + Кабель. L-TC ZS 2м БЕЛЫЙ,OZON:КАА:3169396887
S98005/40-W,Чехол ЗУ. Бабочка АНТИЧНЫЙ БЕЛЫЙ,WB:ДЕВ:342714075;OZON:БМС:1931547510
S98005/06-W,Чехол ЗУ. Бабочка ГОЛУБОЙ,WB:ДЕВ:343260922;OZON:БМС:1931545704
S98005/19-W,Чехол ЗУ. Бабочка СЕРО-СИНИЙ,WB:ДЕВ:344114446;OZON:БМС:1931546042
S98005/11-W,Чехол ЗУ. Бабочка ФИОЛЕТОВЫЙ,WB:ДЕВ:344139466;OZON:БМС:1931545967
S98005/28-W,Чехол ЗУ. Мороженка НЕБЕСНО-ГОЛУБОЙ,WB:ДЕВ:289098448;OZON:БМС:1858200857
S98005/35-W,Чехол ЗУ. Мороженка ПЫЛЬНО-РОЗОВЫЙ,WB:ДЕВ:270119691;OZON:БМС:1858143100
S98005/24-W,Чехол ЗУ. Мороженка ФИАЛКОВЫЙ,WB:ДЕВ:289094687;OZON:БМС:1858117748
S98005/17-W,Чехол ЗУ. Сердечко ЗЕЛЕНЫЙ,WB:ДЕВ:300112578;OZON:БМС:1931547146
S98005/07-W,Чехол ЗУ. Сердечко СИНИЙ,WB:ДЕВ:320908466;OZON:БМС:1931549502
S98005/05-W,Чехол ЗУ. Сердечко РОЗОВЫЙ,WB:ДЕВ:300110744
S98005/03-W,Чехол ЗУ. Сердечко КРАСНЫЙ,WB:ДЕВ:320896218;OZON:БМС:1931547015
S98005/13-W,Чехол ЗУ. Сердечко СИРЕНЕВЫЙ,WB:ДЕВ:270120306;OZON:БМС:1931548022
S98005/01-W,Чехол ЗУ. Сердечко ЧЕРНЫЙ,WB:ДЕВ:300113973;OZON:БМС:1931545295
S19036/02,АЗУ. RGB USB-TC 60W БЕЛЫЙ,OZON:КАА:4192909232
S19036/01,АЗУ. RGB USB-TC 60W ЧЕРНЫЙ,OZON:КАА:4192909745
S10033/22,Кабель. TC-USB Мужской 1м КОРИЧНЕВЫЙ,WB:КАА:17776756
S10033/06,Кабель. TC-USB Мужской 1м СИНИЙ,WB:КАА:158709234
S10033/17,Кабель. TC-USB Мужской 1м ЗЕЛЕНЫЙ,WB:КАА:141188420
S11025/22,Кабель. TC-TC Мужской 1м КОРИЧНЕВЫЙ,
S11025/06,Кабель. TC-TC Мужской 1м СИНИЙ,
S11025/17,Кабель. TC-TC Мужской 1м ЗЕЛЕНЫЙ,
S11044/02,Кабель. TC-TC толстый плетеный 1м БЕЛЫЙ,
S11044-2/02,Кабель. TC-TC толстый плетеный 2м БЕЛЫЙ,
S10044/02,Кабель. L-TC толстый плетеный 1м БЕЛЫЙ,
S10044-2/02,Кабель. L-TC толстый плетеный 2м БЕЛЫЙ,
S10361/01,Кабель. TC-TC магнитный 1м,
S10362/01,Кабель. TC-USB магнитный 1м,
S10363/01,Кабель. L-TC магнитный 1м,
S10032/01,Кабель. TC-L-USB-TC премиальный спиральный 1м,
S10031/16,Кабель. TC-L-USB-TC силиконовый 1.2м СЕРЫЙ,
S10031/03,Кабель. TC-L-USB-TC силиконовый 1.2м КРАСНЫЙ,
S10031/01,Кабель. TC-L-USB-TC силиконовый 1.2м ЧЕРНЫЙ,
S10031/02,Кабель. TC-L-USB-TC силиконовый 1.2м БЕЛЫЙ,
S10031/08,Кабель. TC-L-USB-TC силиконовый 1.2м ЖЕЛТЫЙ,
S11048/01,Кабель. TC-TC ремешок 1м ЧЕРНЫЙ,WB:КЮА:1118199449;OZON:КЮА:4381660066
S11048/02,Кабель. TC-TC ремешок 1м БЕЛЫЙ,WB:КЮА:1118199450;OZON:КЮА:4381663263
S11048/03,Кабель. TC-TC ремешок 1м КРАСНЫЙ,WB:КЮА:1118199451;OZON:КЮА:4381660823
S11048/06,Кабель. TC-TC ремешок 1м СИНИЙ,WB:КЮА:1118199452;OZON:КЮА:4381660689
S10048/01,Кабель. L-TC ремешок 1м ЧЕРНЫЙ,WB:КЮА:1118199453;OZON:КЮА:4381658921
S10048/02,Кабель. L-TC ремешок 1м БЕЛЫЙ,WB:КЮА:1118199454;OZON:КЮА:4381663100
S10048/03,Кабель. L-TC ремешок 1м КРАСНЫЙ,WB:КЮА:1118199455;OZON:КЮА:4381663233
S10048/06,Кабель. L-TC ремешок 1м СИНИЙ,WB:КЮА:1118199456;OZON:КЮА:4381661665
S19035/01-W,АЗУ. Hammer 2USB-TC 67W ЧЕРНЫЙ,OZON:КАА:4193289169
S19027/01-W,АЗУ. Невидимка TC-TC 35W,WB:КАА:907270857;OZON:КАА:4115613025
S19034/01-W,АЗУ. Невидимка USB-TC 35W,WB:КАА:907431668;OZON:КАА:4115613031
S19037/02,СЗУ. GaN USB-TC 30W БЕЛЫЙ,WB:КАА:980962097;OZON:КАА:4043345575
S90504/02,Blogo. повторитель экрана ЧЕРНЫЙ,
S90505/02,БЗУ. вакуумная QI2 БЕЛЫЙ,WB:КАА:1118255344;OZON:КАА:4193179656
S90505/01,Держатель. Старый ЧЕРНЫЙ,WB:КАА:1118255345;OZON:КАА:4193179900
S90506/01,БЗУ. 3-в-1 раскладываемая QI2,WB:КАА:1024397777;OZON:КАА:4193182020
S10364/01,Кабель. USB-360 магнитный 1м ЧЕРНЫЙ,
S19044/01,АЗУ. Патрон USB-TC 52W,WB:КАА:907166548;OZON:КАА:3865873267
S11049/01,Кабель. TC-TC угловой геймерский 1м,
S19045/01,АЗУ. удлиненный USB-TC 52W,WB:КАА:907203601;OZON:КАА:3865873551
S19046/01,АЗУ. карбоновый USB-TC 52W,WB:КАА:895475310;OZON:КАА:3865877433
S19038/02,СЗУ. GaN USB-2TC-L 65W БЕЛЫЙ,WB:КАА:980962098;OZON:КАА:3942884870
S11024/11,Кабель. TC-TC цветной 1.3м СИРЕНЕВЫЙ,WB:КЮА:1026054013;OZON:КЮА:4205513334
S11024/13,Кабель. TC-TC цветной 1.3м БЕЖЕВЫЙ,WB:КЮА:1026054014;OZON:КЮА:4205513297
S11024/06,Кабель. TC-TC цветной 1.3м НЕЖНО-РОЗОВЫЙ,WB:КЮА:1026044510;OZON:КЮА:4205511807
S11024/02,Кабель. TC-TC цветной 1.3м БЕЛЫЙ,WB:КЮА:1026054015;OZON:КЮА:4205512052
S11024/01,Кабель. TC-TC цветной 1.3м ЧЕРНЫЙ,WB:КЮА:1026054016;OZON:КЮА:4205511952
S10026/01,Кабель. L-TC цветной 1.3м ЧЕРНЫЙ,WB:КЮА:1026033014;OZON:КЮА:4205511302
S10026/02,Кабель. L-TC цветной 1.3м БЕЛЫЙ,WB:КЮА:1026033013;OZON:КЮА:4205511655
S10026/11,Кабель. L-TC цветной 1.3м СИРЕНЕВЫЙ,WB:КЮА:1026033011;OZON:КЮА:4205517724
S10026/13,Кабель. L-TC цветной 1.3м БЕЖЕВЫЙ,WB:КЮА:1026033012;OZON:КЮА:4205511629
S10026/06,Кабель. L-TC цветной 1.3м НЕЖНО-РОЗОВЫЙ,WB:КЮА:1026033011;OZON:КЮА:4205512157
S10027/06,Кабель. TC-USB цветной 1.3м НЕЖНО-РОЗОВЫЙ,WB:КАА:71477227;OZON:КЮА:4205511339
S10027/11,Кабель. TC-USB цветной 1.3м СИРЕНЕВЫЙ,WB:КАА:17519292;OZON:КЮА:4205511985
S10027/13,Кабель. TC-USB цветной 1.3м БЕЖЕВЫЙ,WB:КАА:137777665;OZON:КЮА:4205511737
S10027/02,Кабель. TC-USB цветной 1.3м БЕЛЫЙ,WB:КАА:1112824475;OZON:КЮА:4205511258
S10027/01,Кабель. TC-USB цветной 1.3м ЧЕРНЫЙ,WB:КАА:1112824476;OZON:КЮА:4205512273
S11046/02,Кабель. TC-TC пастельный 1м БЕЖЕВЫЙ,
S11046/05,Кабель. TC-TC пастельный 1м РОЗОВЫЙ,
S11046/06,Кабель. TC-TC пастельный 1м ГОЛУБОЙ,
S11046/08,Кабель. TC-TC пастельный 1м ЖЕЛТЫЙ,
S11046/17,Кабель. TC-TC пастельный 1м ЗЕЛЕНЫЙ,
S10046/02,Кабель. L-TC пастельный 1м БЕЖЕВЫЙ,
S10046/05,Кабель. L-TC пастельный 1м РОЗОВЫЙ,
S10046/06,Кабель. L-TC пастельный 1м ГОЛУБОЙ,
S10046/08,Кабель. L-TC пастельный 1м ЖЕЛТЫЙ,
S10047/17,Кабель. L-TC пастельный 1м ЗЕЛЕНЫЙ,
S11047/02,Кабель. TC-USB пастельный 1м БЕЖЕВЫЙ,
S11047/05,Кабель. TC-USB пастельный 1м РОЗОВЫЙ,
S11047/06,Кабель. TC-USB пастельный 1м ГОЛУБОЙ,
S11047/08,Кабель. TC-USB пастельный 1м ЖЕЛТЫЙ,
S11047/17,Кабель. TC-USB пастельный 1м ЗЕЛЕНЫЙ,
S19019/02-W,Кабель. TC для Apple Watch плетеный 1м БЕЛЫЙ,
S19008/06,СЗУ. UTC USB-TC 20W ГОЛУБОЙ,WB:КАА:772622568;OZON:КАА:4192642492
S19008/05,СЗУ. UTC USB-TC 20W РОЗОВЫЙ,WB:КАА:772622569;OZON:КАА:4192642272
S11045/01,Кабель. TC-TC плетеный 1м ЧЕРНЫЙ,WB:КЮА:952905731
S11045/05,Кабель. TC-TC плетеный 1м РОЗОВЫЙ,WB:КЮА:952905732
S11045/06,Кабель. TC-TC плетеный 1м СИНИЙ,WB:КЮА:952905733
S11045/11,Кабель. TC-TC плетеный 1м ФИОЛЕТОВЫЙ,WB:КЮА:952905734
S11045/17,Кабель. TC-TC плетеный 1м САЛАТОВЫЙ,WB:КЮА:952905735
S10045/01,Кабель. L-TC плетеный 1м ЧЕРНЫЙ,WB:КЮА:952905736
S10045/05,Кабель. L-TC плетеный 1м РОЗОВЫЙ,WB:КЮА:952905737
S10045/06,Кабель. L-TC плетеный 1м СИНИЙ,WB:КЮА:952905738
S10045/11,Кабель. L-TC плетеный 1м ФИОЛЕТОВЫЙ,WB:КЮА:952905739
S10045/17,Кабель. L-TC плетеный 1м САЛАТОВЫЙ,WB:КЮА:952905740
